{
    "com_loss": 517.6382446289062,
    "rec_loss": 49.19905471801758,
    "rmse": 66.59888458251953
}