{
    "com_loss": 0.03997676819562912,
    "rec_loss": 0.03774094209074974,
    "accuracy": 0.0
}