{
    "com_loss": 0.06822469830513,
    "rec_loss": 260.94970703125,
    "rmse": 22.981090545654297
}