{
    "com_loss": 0.022299179807305336,
    "rec_loss": 0.022299179807305336,
    "accuracy": 0.0
}