{
    "com_loss": 2.3003487586975098,
    "rec_loss": 15.137436866760254,
    "rmse": 8.834651947021484
}