{
    "com_loss": 0.14766865968704224,
    "rec_loss": 0.1587672382593155,
    "rmse": 0.32748642563819885
}