{
    "com_loss": 5.757347583770752,
    "rec_loss": 424.0469665527344,
    "rmse": 32.60600280761719
}