{
    "com_loss": 0.05704755708575249,
    "rec_loss": 154.95132446289062,
    "rmse": 17.68429183959961
}