{
    "com_loss": 0.004766388796269894,
    "rec_loss": 0.004671774804592133,
    "accuracy": 0.0
}