{
    "com_loss": 0.33336925506591797,
    "rec_loss": 0.08638942986726761,
    "rmse": 0.3963659703731537
}